<?xml version="1.0" encoding="UTF-8"?>
<?oxygen RNGSchema="http://docbook.org/xml/5.0/rng/docbookxi.rng" type="xml"?>
<?oxygen SCHSchema="http://docbook.org/xml/5.0/rng/docbookxi.rng"?>
<article xmlns="http://docbook.org/ns/docbook" xmlns:xi="http://www.w3.org/2001/XInclude"
    xmlns:xlink="http://www.w3.org/1999/xlink" version="5.0">
    <title>Style Function C++</title>
    <para>The <literal>func_cpp</literal> style is functionally equivalent to <link
            xlink:href="Style_Pointer_CPP"><literal>pointer_cpp</literal></link> in every way except
        for one. Instead of using function pointers directly, it uses inline functions in the
        headers. These forward the calls to the function pointers.</para>
    <para>The <emphasis>only</emphasis> reason to use this style over <literal>pointer_cpp</literal>
        is that it makes it easier for IDEs and other autocompletion tools to recognize a function
        call. Many such tools can handle function pointers, but if yours cannot, you can use this to
        give it the help it needs.</para>
</article>
